{"cameraMode":{"drawMode":0,"name":"Shaded","section":"Shading Mode"},"sceneLighting":true,"audioPlay":false,"sceneViewState":{"showFog":true,"showMaterialUpdate":false,"showSkybox":true,"showFlares":true,"showImageEffects":true,"showParticleSystems":true},"in2DMode":false,"pivot":{"x":11.011913299560547,"y":-3.791743755340576,"z":-6.658664703369141},"rotation":{"x":-0.21101568639278413,"y":-0.7577115297317505,"z":0.2945936322212219,"w":-0.5427458882331848},"size":6.805817604064941,"orthographic":false}